{'sequence': 'CAAGCGUCAAUUGGGGUCCCCCAAGUUAGUCGCUUG', 'scoring_function': 1.5042705535888672, 'replica_num': 1, 'temp_shelf': 10, 'sim_step': 0, 'edesired_minus_mfe': 1.5042705535888672, 'mfe': -16.504270553588867, 'edesired': -15.0, 'mcc': 0.244, 'mfe_ss': '((((((.(..(((((....)))))....).))))))', 'subopt_e': 0, 'esubopt_minus_mfe': 0, 'sln_mfe': 0, 'recall': 0.14300000000000002, 'precision': 0.0, 'edesired2': 0, 'edesired2_minus_mfe': 0, 'dimer_mfe': 0}
{'sequence': 'AGACCGGAGGUACCGCUCCCGGUACCCUUGCGGUCU', 'scoring_function': 3.3775291442871094, 'replica_num': 2, 'temp_shelf': 25.556, 'sim_step': 0, 'edesired_minus_mfe': 3.3775291442871094, 'mfe': -20.577529907226562, 'edesired': -17.200000762939453, 'mcc': 0.33899999999999997, 'mfe_ss': '((((((.((((((((....)))))))..).))))))', 'subopt_e': 0, 'esubopt_minus_mfe': 0, 'sln_mfe': 0, 'recall': 0.14300000000000002, 'precision': 0.040000000000000036, 'edesired2': 0, 'edesired2_minus_mfe': 0, 'dimer_mfe': 0}
{'sequence': 'CGGGCCCGGGGGGCUAGAAAGCCCUCCACAGGCCCG', 'scoring_function': 2.7638492584228516, 'replica_num': 3, 'temp_shelf': 41.111, 'sim_step': 0, 'edesired_minus_mfe': 2.7638492584228516, 'mfe': -27.363849639892578, 'edesired': -24.600000381469727, 'mcc': 0.42800000000000005, 'mfe_ss': '((((((.((((((((....))))))))...))))))', 'subopt_e': 0, 'esubopt_minus_mfe': 0, 'sln_mfe': 0, 'recall': 0.21399999999999997, 'precision': 0.04400000000000004, 'edesired2': 0, 'edesired2_minus_mfe': 0, 'dimer_mfe': 0}
{'sequence': 'AACUUGACGUACGCGCGUACGCGUGACUGUCAAGUU', 'scoring_function': 7.135185241699219, 'replica_num': 4, 'temp_shelf': 56.667, 'sim_step': 0, 'edesired_minus_mfe': 7.135185241699219, 'mfe': -18.63518524169922, 'edesired': -11.5, 'mcc': 0.878, 'mfe_ss': '((((((((((.(((((....))))))).))))))))', 'subopt_e': 0, 'esubopt_minus_mfe': 0, 'sln_mfe': 0, 'recall': 0.357, 'precision': 0.18200000000000005, 'edesired2': 0, 'edesired2_minus_mfe': 0, 'dimer_mfe': 0}
{'sequence': 'UCGGCGUCCCACGACGGCUGUCGUAGGUGCCGCCGA', 'scoring_function': 0.6672096252441406, 'replica_num': 5, 'temp_shelf': 72.222, 'sim_step': 0, 'edesired_minus_mfe': 0.6672096252441406, 'mfe': -19.467208862304688, 'edesired': -18.799999237060547, 'mcc': 0.0, 'mfe_ss': '((((((.((((((((....))))).)).).))))))', 'subopt_e': 0, 'esubopt_minus_mfe': 0, 'sln_mfe': 0, 'recall': 0.0, 'precision': 0.0, 'edesired2': 0, 'edesired2_minus_mfe': 0, 'dimer_mfe': 0}
{'sequence': 'UUGCACGGAUUGGCGUUAACGCCAGAUCCAGUGCAA', 'scoring_function': 7.270545959472656, 'replica_num': 6, 'temp_shelf': 87.778, 'sim_step': 0, 'edesired_minus_mfe': 7.270545959472656, 'mfe': -21.370546340942383, 'edesired': -14.100000381469727, 'mcc': 0.43600000000000005, 'mfe_ss': '.((((((((((((((....))))).)))).))))).', 'subopt_e': 0, 'esubopt_minus_mfe': 0, 'sln_mfe': 0, 'recall': 0.14300000000000002, 'precision': 0.07699999999999996, 'edesired2': 0, 'edesired2_minus_mfe': 0, 'dimer_mfe': 0}
{'sequence': 'AACAUACGUCGCUAUGGCGAUAGCCGACCCUAUGUU', 'scoring_function': 2.558609962463379, 'replica_num': 7, 'temp_shelf': 103.333, 'sim_step': 0, 'edesired_minus_mfe': 2.558609962463379, 'mfe': -10.958609580993652, 'edesired': -8.399999618530273, 'mcc': 0.43600000000000005, 'mfe_ss': '((((((.((((((((....)))).))))..))))))', 'subopt_e': 0, 'esubopt_minus_mfe': 0, 'sln_mfe': 0, 'recall': 0.14300000000000002, 'precision': 0.07699999999999996, 'edesired2': 0, 'edesired2_minus_mfe': 0, 'dimer_mfe': 0}
{'sequence': 'GGAGUAUCGGUGUGGGAAUCCACAUCCGGUUACUCC', 'scoring_function': 4.425149917602539, 'replica_num': 8, 'temp_shelf': 118.889, 'sim_step': 0, 'edesired_minus_mfe': 4.425149917602539, 'mfe': -20.325149536132812, 'edesired': -15.899999618530273, 'mcc': 0.32099999999999995, 'mfe_ss': '(((((((((((((((....))))).)))).))))))', 'subopt_e': 0, 'esubopt_minus_mfe': 0, 'sln_mfe': 0, 'recall': 0.07099999999999995, 'precision': 0.07099999999999995, 'edesired2': 0, 'edesired2_minus_mfe': 0, 'dimer_mfe': 0}
{'sequence': 'CGCUUCGAGCGGAACUUGUGUUCCGGCUUCGAAGCG', 'scoring_function': 7.113592147827148, 'replica_num': 9, 'temp_shelf': 134.444, 'sim_step': 0, 'edesired_minus_mfe': 7.113592147827148, 'mfe': -22.713592529296875, 'edesired': -15.600000381469727, 'mcc': 0.16300000000000003, 'mfe_ss': '(((((((((((((((....))))).)).))))))))', 'subopt_e': 0, 'esubopt_minus_mfe': 0, 'sln_mfe': 0, 'recall': 0.0, 'precision': 0.06699999999999995, 'edesired2': 0, 'edesired2_minus_mfe': 0, 'dimer_mfe': 0}
{'sequence': 'GGUUCGCUUUGAGGCGCCGGCCUCGAAAAACGAACC', 'scoring_function': 5.162269592285156, 'replica_num': 10, 'temp_shelf': 150.0, 'sim_step': 0, 'edesired_minus_mfe': 5.162269592285156, 'mfe': -18.762269973754883, 'edesired': -13.600000381469727, 'mcc': 0.42800000000000005, 'mfe_ss': '((((((.((((((((....))))))))...))))))', 'subopt_e': 0, 'esubopt_minus_mfe': 0, 'sln_mfe': 0, 'recall': 0.21399999999999997, 'precision': 0.04400000000000004, 'edesired2': 0, 'edesired2_minus_mfe': 0, 'dimer_mfe': 0}
