{'sequence': 'GUGCAGGCGGGCAAUUCUGCACGAGCUGUUGCAAGU', 'scoring_function': 3.025058654707755, 'replica_num': 1, 'temp_shelf': 10, 'sim_step': 0, 'edesired_minus_Epf': 2.9411563873291016, 'Epf': -11.541156768798828, 'edesired': -8.600000381469727, 'mcc': 0.65, 'mfe_ss': '(((((((........)))))))..((....))....', 'subopt_e': 0, 'esubopt_minus_Epf': 0, 'sln_Epf': 0, 'MFE': 0, 'edesired_minus_MFE': 0, 'recall': 0.4, 'precision': 0.25, 'edesired2': 0, 'edesired2_minus_Epf': 0, 'oligo_fraction': 0.12727235014240157, 'monomer_bonus': 0.08390226737865368}
{'sequence': 'UCCACUACCAUGCAGAAGUGGACUUGUGUGCAAGGA', 'scoring_function': 3.90549592311969, 'replica_num': 2, 'temp_shelf': 25.556, 'sim_step': 0, 'edesired_minus_Epf': 3.1040682792663574, 'Epf': -9.204068183898926, 'edesired': -6.099999904632568, 'mcc': 0.9, 'mfe_ss': '((((((.(......).))))))((((....))))..', 'subopt_e': 0, 'esubopt_minus_Epf': 0, 'sln_Epf': 0, 'MFE': 0, 'edesired_minus_MFE': 0, 'recall': 0.4, 'precision': 0.4, 'edesired2': 0, 'edesired2_minus_Epf': 0, 'oligo_fraction': 0.7275552248665744, 'monomer_bonus': 0.8014276438533329}
{'sequence': 'GCAUCGGACGGAUAUUCGAUGCCCGUAUUAUCAAAU', 'scoring_function': 2.6517799788229492, 'replica_num': 3, 'temp_shelf': 41.111, 'sim_step': 0, 'edesired_minus_Epf': 2.651259422302246, 'Epf': -9.851259231567383, 'edesired': -7.199999809265137, 'mcc': 0.962, 'mfe_ss': '(((((((([[[...))))))))]]]...........', 'subopt_e': 0, 'esubopt_minus_Epf': 0, 'sln_Epf': 0, 'MFE': 0, 'edesired_minus_MFE': 0, 'recall': 0.4, 'precision': 0.42900000000000005, 'edesired2': 0, 'edesired2_minus_Epf': 0, 'oligo_fraction': 0.0008442483207937723, 'monomer_bonus': 0.0005205565207030695}
{'sequence': 'UCGACUUGAAGAGACUAGUCGAGCAAUAUCUCAGCC', 'scoring_function': 0.8974461368630986, 'replica_num': 4, 'temp_shelf': 56.667, 'sim_step': 0, 'edesired_minus_Epf': 0.8950915336608887, 'Epf': -7.095091342926025, 'edesired': -6.199999809265137, 'mcc': 0.10799999999999998, 'mfe_ss': '((((((.(..[[[[).))))))......]]]]....', 'subopt_e': 0, 'esubopt_minus_Epf': 0, 'sln_Epf': 0, 'MFE': 0, 'edesired_minus_MFE': 0, 'recall': 0.0, 'precision': 0.09099999999999997, 'edesired2': 0, 'edesired2_minus_Epf': 0, 'oligo_fraction': 0.0038130642276339444, 'monomer_bonus': 0.002354603202209937}
{'sequence': 'GCCCACAGCUCGGCCCGUGGGCCUCGUUGCCGACCC', 'scoring_function': 3.5802127816595477, 'replica_num': 5, 'temp_shelf': 72.222, 'sim_step': 0, 'edesired_minus_Epf': 1.8888740539550781, 'Epf': -11.988874435424805, 'edesired': -10.100000381469727, 'mcc': 0.776, 'mfe_ss': '((((((.((...))..)))))).(((....)))...', 'subopt_e': 0, 'esubopt_minus_Epf': 0, 'sln_Epf': 0, 'MFE': 0, 'edesired_minus_MFE': 0, 'recall': 0.4, 'precision': 0.33299999999999996, 'edesired2': 0, 'edesired2_minus_Epf': 0, 'oligo_fraction': 0.9357004986509193, 'monomer_bonus': 1.6913387277044696}
{'sequence': 'UCGAAGAAGAGAUCGGCUUCGAUAAGAGGAUCGCCA', 'scoring_function': 3.3188796235983173, 'replica_num': 6, 'temp_shelf': 87.778, 'sim_step': 0, 'edesired_minus_Epf': 2.612980365753174, 'Epf': -7.712980270385742, 'edesired': -5.099999904632568, 'mcc': 0.65, 'mfe_ss': '((((((..(....)..)))))).....((....)).', 'subopt_e': 0, 'esubopt_minus_Epf': 0, 'sln_Epf': 0, 'MFE': 0, 'edesired_minus_MFE': 0, 'recall': 0.4, 'precision': 0.25, 'edesired2': 0, 'edesired2_minus_Epf': 0, 'oligo_fraction': 0.681879228077297, 'monomer_bonus': 0.7058992578451436}
{'sequence': 'GCGCGUGGCCGGUGACACGCGCUUAGCACACCGCCA', 'scoring_function': 7.04725328691995, 'replica_num': 7, 'temp_shelf': 103.333, 'sim_step': 0, 'edesired_minus_Epf': 5.88228702545166, 'Epf': -14.682287216186523, 'edesired': -8.800000190734863, 'mcc': 0.30700000000000005, 'mfe_ss': '(((((((...[[[[.)))))))...((.]]]]))..', 'subopt_e': 0, 'esubopt_minus_Epf': 0, 'sln_Epf': 0, 'MFE': 0, 'edesired_minus_MFE': 0, 'recall': 0.0, 'precision': 0.23099999999999998, 'edesired2': 0, 'edesired2_minus_Epf': 0, 'oligo_fraction': 0.8489526794858195, 'monomer_bonus': 1.1649662614682892}
{'sequence': 'GCGGUCGUUAACCCCUGACCGCGCGUUCGGGUCAUG', 'scoring_function': 1.7766527945752957, 'replica_num': 8, 'temp_shelf': 118.889, 'sim_step': 0, 'edesired_minus_Epf': 1.6326580047607422, 'Epf': -12.032657623291016, 'edesired': -10.399999618530273, 'mcc': 0.10799999999999998, 'mfe_ss': '(((((((...[[[[.)))))))......]]]]....', 'subopt_e': 0, 'esubopt_minus_Epf': 0, 'sln_Epf': 0, 'MFE': 0, 'edesired_minus_MFE': 0, 'recall': 0.0, 'precision': 0.09099999999999997, 'edesired2': 0, 'edesired2_minus_Epf': 0, 'oligo_fraction': 0.20834697609612607, 'monomer_bonus': 0.1439947898145536}
{'sequence': 'UAUGCUGCUCUGCUGGAGCAUACUGUGCAGCAUACC', 'scoring_function': 8.072280918202361, 'replica_num': 9, 'temp_shelf': 134.444, 'sim_step': 0, 'edesired_minus_Epf': 7.854372024536133, 'Epf': -12.854372024536133, 'edesired': -5.0, 'mcc': 1.5979999999999999, 'mfe_ss': '((((((((.((((....)))....).))))))))..', 'subopt_e': 0, 'esubopt_minus_Epf': 0, 'sln_Epf': 0, 'MFE': 0, 'edesired_minus_MFE': 0, 'recall': 1.0, 'precision': 1.0, 'edesired2': 0, 'edesired2_minus_Epf': 0, 'oligo_fraction': 0.2978147310279915, 'monomer_bonus': 0.21790889366622904}
{'sequence': 'GUUCUGGCACCGAAUCCAGAACAUGAGCUUCGUCAG', 'scoring_function': 4.368984519442774, 'replica_num': 10, 'temp_shelf': 150.0, 'sim_step': 0, 'edesired_minus_Epf': 4.2701897621154785, 'Epf': -10.67018985748291, 'edesired': -6.400000095367432, 'mcc': 0.402, 'mfe_ss': '(((((((...[[[[.))))))).(((..]]]]))).', 'subopt_e': 0, 'esubopt_minus_Epf': 0, 'sln_Epf': 0, 'MFE': 0, 'edesired_minus_MFE': 0, 'recall': 0.0, 'precision': 0.28600000000000003, 'edesired2': 0, 'edesired2_minus_Epf': 0, 'oligo_fraction': 0.14810743946355054, 'monomer_bonus': 0.09879475732729538}
