{'sequence': 'UCCGAGUGGUCAACAGGCUUGUUGUACGCACUCGGA', 'scoring_function': 42.18916606903076, 'replica_num': 1, 'temp_shelf': 10, 'sim_step': 0, 'edesired_minus_mfe': 5.3695831298828125, 'mfe': -18.869583129882812, 'edesired': -13.5, 'mcc': 0.32099999999999995, 'mfe_ss': '((((((((((((((......)))).)).))))))))', 'subopt_e': 0, 'esubopt_minus_mfe': 0, 'sln_mfe': 0, 'recall': 0.07099999999999995, 'precision': 0.07099999999999995, 'edesired2': 17.949999809265137, 'edesired2_minus_mfe': 36.81958293914795, 'dimer_mfe': 0}
{'sequence': 'UGCACCAGUGCCCUCUGUAGAGGGCCAGCCGGUGCA', 'scoring_function': 43.52110767364502, 'replica_num': 2, 'temp_shelf': 25.556, 'sim_step': 0, 'edesired_minus_mfe': 3.0855541229248047, 'mfe': -22.585554122924805, 'edesired': -19.5, 'mcc': 0.528, 'mfe_ss': '.(((((.((((((((....))))))..)).))))).', 'subopt_e': 0, 'esubopt_minus_mfe': 0, 'sln_mfe': 0, 'recall': 0.21399999999999997, 'precision': 0.08299999999999996, 'edesired2': 17.84999942779541, 'edesired2_minus_mfe': 40.435553550720215, 'dimer_mfe': 0}
{'sequence': 'CCCACCAAGCGCCGAGAUCUCGGCCGCUUAGGUGGG', 'scoring_function': 42.333619117736816, 'replica_num': 3, 'temp_shelf': 41.111, 'sim_step': 0, 'edesired_minus_mfe': 4.641809463500977, 'mfe': -25.141809463500977, 'edesired': -20.5, 'mcc': 0.5369999999999999, 'mfe_ss': '(((((((((((((((....)))).))))).))))))', 'subopt_e': 0, 'esubopt_minus_mfe': 0, 'sln_mfe': 0, 'recall': 0.14300000000000002, 'precision': 0.11099999999999999, 'edesired2': 12.550000190734863, 'edesired2_minus_mfe': 37.69180965423584, 'dimer_mfe': 0}
{'sequence': 'AGCGCCACGUAGGGCAUGCGCCCUCACCGCGGCGCU', 'scoring_function': 39.653958320617676, 'replica_num': 4, 'temp_shelf': 56.667, 'sim_step': 0, 'edesired_minus_mfe': 1.4019794464111328, 'mfe': -22.20197868347168, 'edesired': -20.799999237060547, 'mcc': 0.33899999999999997, 'mfe_ss': '((((((.((.(((((....)))))...)).))))))', 'subopt_e': 0, 'esubopt_minus_mfe': 0, 'sln_mfe': 0, 'recall': 0.14300000000000002, 'precision': 0.040000000000000036, 'edesired2': 16.050000190734863, 'edesired2_minus_mfe': 38.25197887420654, 'dimer_mfe': 0}
{'sequence': 'ACCCUAGACGCGCAUAGUUAUGCGACGCUCUAGGGU', 'scoring_function': 41.2538275718689, 'replica_num': 5, 'temp_shelf': 72.222, 'sim_step': 0, 'edesired_minus_mfe': 6.526913642883301, 'mfe': -20.826913833618164, 'edesired': -14.300000190734863, 'mcc': 0.16300000000000003, 'mfe_ss': '(((((((((((((((....))))).)).))))))))', 'subopt_e': 0, 'esubopt_minus_mfe': 0, 'sln_mfe': 0, 'recall': 0.0, 'precision': 0.06699999999999995, 'edesired2': 13.900000095367432, 'edesired2_minus_mfe': 34.726913928985596, 'dimer_mfe': 0}
{'sequence': 'CAGGCCGCCCCGGCGUAACCGCCGCGGCGUGGCCUG', 'scoring_function': 46.286959171295166, 'replica_num': 6, 'temp_shelf': 87.778, 'sim_step': 0, 'edesired_minus_mfe': 4.443479537963867, 'mfe': -27.443479537963867, 'edesired': -23.0, 'mcc': 0.16300000000000003, 'mfe_ss': '(((((((((((((((....))))).)).))))))))', 'subopt_e': 0, 'esubopt_minus_mfe': 0, 'sln_mfe': 0, 'recall': 0.0, 'precision': 0.06699999999999995, 'edesired2': 14.400000095367432, 'edesired2_minus_mfe': 41.8434796333313, 'dimer_mfe': 0}
{'sequence': 'CACAGCCGUGGCGACAUAGGUCGCGCAACUGCUGUG', 'scoring_function': 38.942402839660645, 'replica_num': 7, 'temp_shelf': 103.333, 'sim_step': 0, 'edesired_minus_mfe': 0.9462013244628906, 'mfe': -18.646202087402344, 'edesired': -17.700000762939453, 'mcc': 0.138, 'mfe_ss': '((((((..(((((((....))))).))...))))))', 'subopt_e': 0, 'esubopt_minus_mfe': 0, 'sln_mfe': 0, 'recall': 0.07099999999999995, 'precision': 0.0, 'edesired2': 19.34999942779541, 'edesired2_minus_mfe': 37.996201515197754, 'dimer_mfe': 0}
{'sequence': 'GGCUCGUUGGCGGGCAUGCGCCCGACCAAACGAGCC', 'scoring_function': 43.61483097076416, 'replica_num': 8, 'temp_shelf': 118.889, 'sim_step': 0, 'edesired_minus_mfe': 4.907415390014648, 'mfe': -26.90741539001465, 'edesired': -22.0, 'mcc': 0.16300000000000003, 'mfe_ss': '(((((((((((((((....))))).)).))))))))', 'subopt_e': 0, 'esubopt_minus_mfe': 0, 'sln_mfe': 0, 'recall': 0.0, 'precision': 0.06699999999999995, 'edesired2': 11.800000190734863, 'edesired2_minus_mfe': 38.70741558074951, 'dimer_mfe': 0}
{'sequence': 'CAGCUAUGUAGGGGGUUCCCCCCCGUAUCUUAGCUG', 'scoring_function': 31.155285835266113, 'replica_num': 9, 'temp_shelf': 134.444, 'sim_step': 0, 'edesired_minus_mfe': 2.052642822265625, 'mfe': -18.552642822265625, 'edesired': -16.5, 'mcc': 0.22799999999999998, 'mfe_ss': '((((((.((((((((....))))).)))..))))))', 'subopt_e': 0, 'esubopt_minus_mfe': 0, 'sln_mfe': 0, 'recall': 0.07099999999999995, 'precision': 0.03700000000000003, 'edesired2': 10.550000190734863, 'edesired2_minus_mfe': 29.10264301300049, 'dimer_mfe': 0}
{'sequence': 'AAGUGUACUUUAAAAAACGUUUUAGAAUGAACACUU', 'scoring_function': 29.45380449295044, 'replica_num': 10, 'temp_shelf': 150.0, 'sim_step': 0, 'edesired_minus_mfe': 3.526902198791504, 'mfe': -6.4269022941589355, 'edesired': -2.9000000953674316, 'mcc': 0.33899999999999997, 'mfe_ss': '((((((.((((((((....)))))))..).))))))', 'subopt_e': 0, 'esubopt_minus_mfe': 0, 'sln_mfe': 0, 'recall': 0.14300000000000002, 'precision': 0.040000000000000036, 'edesired2': 19.5, 'edesired2_minus_mfe': 25.926902294158936, 'dimer_mfe': 0}
