{'sequence': 'GCCACCAAAGGGCUGCCGACAGCCGCUCUAGGUGGC', 'scoring_function': 1.5763408581096634, 'replica_num': 1, 'temp_shelf': 10, 'sim_step': 0, 'edesired_minus_Epf': 1.4942646026611328, 'Epf': -19.694265365600586, 'edesired': -18.200000762939453, 'mcc': 0.138, 'mfe_ss': '((((((..(((((((....))))).))...))))))', 'subopt_e': 0, 'esubopt_minus_Epf': 0, 'sln_Epf': 0, 'MFE': 0, 'edesired_minus_MFE': 0, 'recall': 0.07099999999999995, 'precision': 0.0, 'edesired2': 0, 'edesired2_minus_Epf': 0, 'oligo_fraction': 0.1246828761422416, 'monomer_bonus': 0.08207625544853057}
{'sequence': 'CGAGCCGUAUGACUUUUUGAAGUCGAUAAGGGCUCG', 'scoring_function': 1.875640664378504, 'replica_num': 2, 'temp_shelf': 25.556, 'sim_step': 0, 'edesired_minus_Epf': 1.7624988555908203, 'Epf': -15.862499237060547, 'edesired': -14.100000381469727, 'mcc': 0.33899999999999997, 'mfe_ss': '((((((.(.((((((....))))))...).))))))', 'subopt_e': 0, 'esubopt_minus_Epf': 0, 'sln_Epf': 0, 'MFE': 0, 'edesired_minus_MFE': 0, 'recall': 0.14300000000000002, 'precision': 0.040000000000000036, 'edesired2': 0, 'edesired2_minus_Epf': 0, 'oligo_fraction': 0.16770888984178778, 'monomer_bonus': 0.11314180878768354}
{'sequence': 'GCGCACGCAACCGGUGCCCACCGGAUUAGUGUGCGC', 'scoring_function': 5.943997325411123, 'replica_num': 3, 'temp_shelf': 41.111, 'sim_step': 0, 'edesired_minus_Epf': 4.708463668823242, 'Epf': -21.208463668823242, 'edesired': -16.5, 'mcc': 0.16300000000000003, 'mfe_ss': '(((((((((((((((....))))).)).))))))))', 'subopt_e': 0, 'esubopt_minus_Epf': 0, 'sln_Epf': 0, 'MFE': 0, 'edesired_minus_MFE': 0, 'recall': 0.0, 'precision': 0.06699999999999995, 'edesired2': 0, 'edesired2_minus_Epf': 0, 'oligo_fraction': 0.8652936389058492, 'monomer_bonus': 1.2355336565878807}
{'sequence': 'UGAUAUGGGCGCCCUAGAUAGGGCGGCUCCAUAUCA', 'scoring_function': 8.440954809572593, 'replica_num': 4, 'temp_shelf': 56.667, 'sim_step': 0, 'edesired_minus_Epf': 7.60662841796875, 'Epf': -22.206628799438477, 'edesired': -14.600000381469727, 'mcc': 0.16300000000000003, 'mfe_ss': '(((((((((((((((....))))).)).))))))))', 'subopt_e': 0, 'esubopt_minus_Epf': 0, 'sln_Epf': 0, 'MFE': 0, 'edesired_minus_MFE': 0, 'recall': 0.0, 'precision': 0.06699999999999995, 'edesired2': 0, 'edesired2_minus_Epf': 0, 'oligo_fraction': 0.7417165584879892, 'monomer_bonus': 0.8343263916038434}
{'sequence': 'CACUGAGAGGCCUGGGCAUCCAGGACCGUGUCAGUG', 'scoring_function': 0.30517494610588014, 'replica_num': 5, 'temp_shelf': 72.222, 'sim_step': 0, 'edesired_minus_Epf': 0.3015174865722656, 'Epf': -19.801517486572266, 'edesired': -19.5, 'mcc': 0.0, 'mfe_ss': '((((((.((((((((....))))).)).).))))))', 'subopt_e': 0, 'esubopt_minus_Epf': 0, 'sln_Epf': 0, 'MFE': 0, 'edesired_minus_MFE': 0, 'recall': 0.0, 'precision': 0.0, 'edesired2': 0, 'edesired2_minus_Epf': 0, 'oligo_fraction': 0.005916668918942047, 'monomer_bonus': 0.0036574595336145285}
{'sequence': 'GGAUGCGCACGGUAGGUCUCUACCAGUUGUGCAUCC', 'scoring_function': 5.118262534326744, 'replica_num': 6, 'temp_shelf': 87.778, 'sim_step': 0, 'edesired_minus_Epf': 5.111231803894043, 'Epf': -20.81123161315918, 'edesired': -15.699999809265137, 'mcc': 0.41900000000000004, 'mfe_ss': '(((((((((((((((....))))).).)))))))))', 'subopt_e': 0, 'esubopt_minus_Epf': 0, 'sln_Epf': 0, 'MFE': 0, 'edesired_minus_MFE': 0, 'recall': 0.07099999999999995, 'precision': 0.10299999999999998, 'edesired2': 0, 'edesired2_minus_Epf': 0, 'oligo_fraction': 0.011342568855017832, 'monomer_bonus': 0.00703073043270106}
{'sequence': 'GGGGACUCCGAUCUGACCGCAGAUUCGGGGGUCCCC', 'scoring_function': 5.80473086847866, 'replica_num': 7, 'temp_shelf': 103.333, 'sim_step': 0, 'edesired_minus_Epf': 5.800970077514648, 'Epf': -23.700969696044922, 'edesired': -17.899999618530273, 'mcc': 0.643, 'mfe_ss': '(((((((((((((((....))))))..)))))))))', 'subopt_e': 0, 'esubopt_minus_Epf': 0, 'sln_Epf': 0, 'MFE': 0, 'edesired_minus_MFE': 0, 'recall': 0.14300000000000002, 'precision': 0.14300000000000002, 'edesired2': 0, 'edesired2_minus_Epf': 0, 'oligo_fraction': 0.006083318617566391, 'monomer_bonus': 0.0037607909640110728}
{'sequence': 'GGUGCGCGGCUGAUUAAAUAAUCAUGCUCGCGCACC', 'scoring_function': 6.620477171443431, 'replica_num': 8, 'temp_shelf': 118.889, 'sim_step': 0, 'edesired_minus_Epf': 6.538632392883301, 'Epf': -21.838632583618164, 'edesired': -15.300000190734863, 'mcc': 0.16300000000000003, 'mfe_ss': '(((((((((((((((....))))).)).))))))))', 'subopt_e': 0, 'esubopt_minus_Epf': 0, 'sln_Epf': 0, 'MFE': 0, 'edesired_minus_MFE': 0, 'recall': 0.0, 'precision': 0.06699999999999995, 'edesired2': 0, 'edesired2_minus_Epf': 0, 'oligo_fraction': 0.1243540696964679, 'monomer_bonus': 0.08184477856013064}
{'sequence': 'UGUGGGUCAGCCUGGAAGGCCAGGACUUGGCCCACA', 'scoring_function': 5.490735792556367, 'replica_num': 9, 'temp_shelf': 134.444, 'sim_step': 0, 'edesired_minus_Epf': 5.488134384155273, 'Epf': -23.988134384155273, 'edesired': -18.5, 'mcc': 0.41900000000000004, 'mfe_ss': '(((((((((((((((....))))).).)))))))))', 'subopt_e': 0, 'esubopt_minus_Epf': 0, 'sln_Epf': 0, 'MFE': 0, 'edesired_minus_MFE': 0, 'recall': 0.07099999999999995, 'precision': 0.10299999999999998, 'edesired2': 0, 'edesired2_minus_Epf': 0, 'oligo_fraction': 0.004211899811552011, 'monomer_bonus': 0.0026014084010940845}
{'sequence': 'CCUGCUGCGCAGGUCGUCCGACCUUGCCGCAGCAGG', 'scoring_function': 8.176822254225588, 'replica_num': 10, 'temp_shelf': 150.0, 'sim_step': 0, 'edesired_minus_Epf': 7.637870788574219, 'Epf': -25.63787078857422, 'edesired': -18.0, 'mcc': 0.643, 'mfe_ss': '(((((((((((((((....)))).)).)))))))))', 'subopt_e': 0, 'esubopt_minus_Epf': 0, 'sln_Epf': 0, 'MFE': 0, 'edesired_minus_MFE': 0, 'recall': 0.14300000000000002, 'precision': 0.14300000000000002, 'edesired2': 0, 'edesired2_minus_Epf': 0, 'oligo_fraction': 0.5829089626400983, 'monomer_bonus': 0.5389514656513681}
