{'sequence': 'CCCCGCACAAAUCAAAGCGGGGGAGGGAUGAUCUAG', 'scoring_function': 0.5432500839233398, 'replica_num': 1, 'temp_shelf': 10, 'sim_step': 0, 'edesired_minus_mfe': 0.5432500839233398, 'mfe': -12.54325008392334, 'edesired': -12.0, 'mcc': 0.368, 'mfe_ss': '((((((..........))))))..............', 'subopt_e': 0, 'esubopt_minus_mfe': 0, 'sln_mfe': 0, 'recall': 0.4, 'precision': 0.0, 'edesired2': 0, 'edesired2_minus_mfe': 0, 'dimer_mfe': 0}
{'sequence': 'GGCGUCCUCCAGGCGUGACGCCGGGACGGCCUGCGU', 'scoring_function': 7.539853096008301, 'replica_num': 2, 'temp_shelf': 25.556, 'sim_step': 0, 'edesired_minus_mfe': 7.539853096008301, 'mfe': -17.239852905273438, 'edesired': -9.699999809265137, 'mcc': 1.5979999999999999, 'mfe_ss': '((((((((...((((...))))))))).))).....', 'subopt_e': 0, 'esubopt_minus_mfe': 0, 'sln_mfe': 0, 'recall': 1.0, 'precision': 1.0, 'edesired2': 0, 'edesired2_minus_mfe': 0, 'dimer_mfe': 0}
{'sequence': 'GUACACGUGCGACUUAGUGUACAUUAUAAGUCCUUC', 'scoring_function': 0.1864485740661621, 'replica_num': 3, 'temp_shelf': 41.111, 'sim_step': 0, 'edesired_minus_mfe': 0.1864485740661621, 'mfe': -7.586448669433594, 'edesired': -7.400000095367432, 'mcc': 0.20899999999999996, 'mfe_ss': '((((((....[[[[[[))))))....]]]]]]....', 'subopt_e': 0, 'esubopt_minus_mfe': 0, 'sln_mfe': 0, 'recall': 0.0, 'precision': 0.16700000000000004, 'edesired2': 0, 'edesired2_minus_mfe': 0, 'dimer_mfe': 0}
{'sequence': 'UGCGGGCCAUCUGCAGCCCGCAGUCCUAGCAGACUU', 'scoring_function': 5.067775726318359, 'replica_num': 4, 'temp_shelf': 56.667, 'sim_step': 0, 'edesired_minus_mfe': 5.067775726318359, 'mfe': -15.767775535583496, 'edesired': -10.699999809265137, 'mcc': 0.501, 'mfe_ss': '(((((((....[[[.)))))))(((...]]])))..', 'subopt_e': 0, 'esubopt_minus_mfe': 0, 'sln_mfe': 0, 'recall': 0.09999999999999998, 'precision': 0.28, 'edesired2': 0, 'edesired2_minus_mfe': 0, 'dimer_mfe': 0}
{'sequence': 'GGCGAGGCAGGGGCCUCUCGCCUACAAAGCCCGGAA', 'scoring_function': 3.528073310852051, 'replica_num': 5, 'temp_shelf': 72.222, 'sim_step': 0, 'edesired_minus_mfe': 3.528073310852051, 'mfe': -13.02807331085205, 'edesired': -9.5, 'mcc': 1.013, 'mfe_ss': '((((((((.[[[)))))..))).......]]]....', 'subopt_e': 0, 'esubopt_minus_mfe': 0, 'sln_mfe': 0, 'recall': 0.7, 'precision': 0.45499999999999996, 'edesired2': 0, 'edesired2_minus_mfe': 0, 'dimer_mfe': 0}
{'sequence': 'GCUGAACUGCCGAGGGUUCAGCUUGUUACUCGGUUC', 'scoring_function': 4.43522310256958, 'replica_num': 6, 'temp_shelf': 87.778, 'sim_step': 0, 'edesired_minus_mfe': 4.43522310256958, 'mfe': -11.535223007202148, 'edesired': -7.099999904632568, 'mcc': 0.402, 'mfe_ss': '(((((((([[[[[[))))))))......]]]]]]..', 'subopt_e': 0, 'esubopt_minus_mfe': 0, 'sln_mfe': 0, 'recall': 0.0, 'precision': 0.28600000000000003, 'edesired2': 0, 'edesired2_minus_mfe': 0, 'dimer_mfe': 0}
{'sequence': 'CGCCCCUGCAAGGUACGGGGCGUGUGGCACCUCGGG', 'scoring_function': 2.145824432373047, 'replica_num': 7, 'temp_shelf': 103.333, 'sim_step': 0, 'edesired_minus_mfe': 2.145824432373047, 'mfe': -13.345824241638184, 'edesired': -11.199999809265137, 'mcc': 0.65, 'mfe_ss': '(((((((((...))).))))))..............', 'subopt_e': 0, 'esubopt_minus_mfe': 0, 'sln_mfe': 0, 'recall': 0.4, 'precision': 0.25, 'edesired2': 0, 'edesired2_minus_mfe': 0, 'dimer_mfe': 0}
{'sequence': 'ACUAAGAAACACGUGGCUUAGUGCCAACACGUGCAU', 'scoring_function': 6.188920497894287, 'replica_num': 8, 'temp_shelf': 118.889, 'sim_step': 0, 'edesired_minus_mfe': 6.188920497894287, 'mfe': -9.788920402526855, 'edesired': -3.5999999046325684, 'mcc': 0.501, 'mfe_ss': '[[[[[....((((((((]]]]])))...)))))...', 'subopt_e': 0, 'esubopt_minus_mfe': 0, 'sln_mfe': 0, 'recall': 0.09999999999999998, 'precision': 0.28, 'edesired2': 0, 'edesired2_minus_mfe': 0, 'dimer_mfe': 0}
{'sequence': 'GCAAUGCUACGGACUCCAUUGCCACGAGGUCCGCCC', 'scoring_function': 4.6087164878845215, 'replica_num': 9, 'temp_shelf': 134.444, 'sim_step': 0, 'edesired_minus_mfe': 4.6087164878845215, 'mfe': -9.20871639251709, 'edesired': -4.599999904632568, 'mcc': 0.28200000000000003, 'mfe_ss': '[[[[[....(((((..(]]]]]...)..)))))...', 'subopt_e': 0, 'esubopt_minus_mfe': 0, 'sln_mfe': 0, 'recall': 0.09999999999999998, 'precision': 0.14300000000000002, 'edesired2': 0, 'edesired2_minus_mfe': 0, 'dimer_mfe': 0}
{'sequence': 'GCCCGCCGCCAGAUCAGCGGGCAUCUGAAUCUGCAU', 'scoring_function': 0.6237907409667969, 'replica_num': 10, 'temp_shelf': 150.0, 'sim_step': 0, 'edesired_minus_mfe': 0.6237907409667969, 'mfe': -12.623790740966797, 'edesired': -12.0, 'mcc': 0.9, 'mfe_ss': '((((((.(.[[[[[).))))))]]]]].........', 'subopt_e': 0, 'esubopt_minus_mfe': 0, 'sln_mfe': 0, 'recall': 0.4, 'precision': 0.4, 'edesired2': 0, 'edesired2_minus_mfe': 0, 'dimer_mfe': 0}
