{'sequence': 'CCCCAAGUGUCAGCACU&GACUACUGUCAUCUUGGG', 'scoring_function': 8.229980945587158, 'replica_num': 1, 'temp_shelf': 10, 'sim_step': 0, 'edesired_minus_mfe': 8.229980945587158, 'mfe': -14.329980850219727, 'edesired': -6.099999904632568, 'mcc': 1.199, 'mfe_ss': '.((((((((.(((....&.....))).)).))))))', 'subopt_e': 0, 'esubopt_minus_mfe': 0, 'sln_mfe': 0, 'recall': 0.667, 'precision': 0.46699999999999997, 'edesired2': 0, 'edesired2_minus_mfe': 0, 'dimer_mfe': 0}
{'sequence': 'CGCAGCAGGUCUUCCUU&AUAGCGUUAUUAUGCGCG', 'scoring_function': 6.035207509994507, 'replica_num': 2, 'temp_shelf': 25.556, 'sim_step': 0, 'edesired_minus_mfe': 6.035207509994507, 'mfe': -9.235207557678223, 'edesired': -3.200000047683716, 'mcc': 0.963, 'mfe_ss': '(((...(((....))).&...((((....)))))))', 'subopt_e': 0, 'esubopt_minus_mfe': 0, 'sln_mfe': 0, 'recall': 0.5, 'precision': 0.33299999999999996, 'edesired2': 0, 'edesired2_minus_mfe': 0, 'dimer_mfe': 0}
{'sequence': 'CCGUCAGUGCAAACAGG&GCCUAGAGGCAUCUGCGG', 'scoring_function': 4.874194145202637, 'replica_num': 3, 'temp_shelf': 41.111, 'sim_step': 0, 'edesired_minus_mfe': 4.874194145202637, 'mfe': -13.574193954467773, 'edesired': -8.699999809265137, 'mcc': 0.81, 'mfe_ss': '(((.((((((....(((&.)))....))).))))))', 'subopt_e': 0, 'esubopt_minus_mfe': 0, 'sln_mfe': 0, 'recall': 0.41700000000000004, 'precision': 0.263, 'edesired2': 0, 'edesired2_minus_mfe': 0, 'dimer_mfe': 0}
{'sequence': 'UGCCGCUAACCUCUUCC&AGUCGUCACUCUAGCGCA', 'scoring_function': 8.921923995018005, 'replica_num': 4, 'temp_shelf': 56.667, 'sim_step': 0, 'edesired_minus_mfe': 8.921923995018005, 'mfe': -8.021924018859863, 'edesired': 0.8999999761581421, 'mcc': 0.577, 'mfe_ss': '.((.((((.........&...........)))))).', 'subopt_e': 0, 'esubopt_minus_mfe': 0, 'sln_mfe': 0, 'recall': 0.5, 'precision': 0.07699999999999996, 'edesired2': 0, 'edesired2_minus_mfe': 0, 'dimer_mfe': 0}
{'sequence': 'UAAGGACAGAAUUCUCC&GGGGUCUCCCUCGUCUUA', 'scoring_function': 6.103647708892822, 'replica_num': 5, 'temp_shelf': 72.222, 'sim_step': 0, 'edesired_minus_mfe': 6.103647708892822, 'mfe': -10.503647804260254, 'edesired': -4.400000095367432, 'mcc': 0.974, 'mfe_ss': '..(((((..........&((((....))))))))).', 'subopt_e': 0, 'esubopt_minus_mfe': 0, 'sln_mfe': 0, 'recall': 0.667, 'precision': 0.33299999999999996, 'edesired2': 0, 'edesired2_minus_mfe': 0, 'dimer_mfe': 0}
{'sequence': 'UUGAGAUGGGUAACCGA&CCAUUGUUGGCGAUCCAA', 'scoring_function': 5.176766872406006, 'replica_num': 6, 'temp_shelf': 87.778, 'sim_step': 0, 'edesired_minus_mfe': 5.176766872406006, 'mfe': -10.276766777038574, 'edesired': -5.099999904632568, 'mcc': 1.367, 'mfe_ss': '......(((((..((((&......))))..))))).', 'subopt_e': 0, 'esubopt_minus_mfe': 0, 'sln_mfe': 0, 'recall': 0.917, 'precision': 0.714, 'edesired2': 0, 'edesired2_minus_mfe': 0, 'dimer_mfe': 0}
{'sequence': 'GGAUAAGAGUAUACUCU&UACCCCAGUACUCUUUCC', 'scoring_function': 11.515351101756096, 'replica_num': 7, 'temp_shelf': 103.333, 'sim_step': 0, 'edesired_minus_mfe': 11.515351101756096, 'mfe': -11.715351104736328, 'edesired': -0.20000000298023224, 'mcc': 0.81, 'mfe_ss': '(((.((((((((.....&.......)))))))))))', 'subopt_e': 0, 'esubopt_minus_mfe': 0, 'sln_mfe': 0, 'recall': 0.41700000000000004, 'precision': 0.263, 'edesired2': 0, 'edesired2_minus_mfe': 0, 'dimer_mfe': 0}
{'sequence': 'GGUGGCGGCGGAAGCUA&GCGCCUCCGCAACGCACC', 'scoring_function': 5.2590179443359375, 'replica_num': 8, 'temp_shelf': 118.889, 'sim_step': 0, 'edesired_minus_mfe': 5.2590179443359375, 'mfe': -19.359018325805664, 'edesired': -14.100000381469727, 'mcc': 1.199, 'mfe_ss': '(((((..(((((.((..&..)).)))))..).))))', 'subopt_e': 0, 'esubopt_minus_mfe': 0, 'sln_mfe': 0, 'recall': 0.667, 'precision': 0.46699999999999997, 'edesired2': 0, 'edesired2_minus_mfe': 0, 'dimer_mfe': 0}
{'sequence': 'GCCGAUUCUCAGCAGCG&CGGUGCUCCGGCAAUGGC', 'scoring_function': 10.235260248184204, 'replica_num': 9, 'temp_shelf': 134.444, 'sim_step': 0, 'edesired_minus_mfe': 10.235260248184204, 'mfe': -13.035260200500488, 'edesired': -2.799999952316284, 'mcc': 1.827, 'mfe_ss': '((((......((((.((&)).)))).))))......', 'subopt_e': 0, 'esubopt_minus_mfe': 0, 'sln_mfe': 0, 'recall': 0.917, 'precision': 0.857, 'edesired2': 0, 'edesired2_minus_mfe': 0, 'dimer_mfe': 0}
{'sequence': 'CACGCGUGGCGCACCCU&AGCGUGUGCUAGACGGUG', 'scoring_function': 10.820979118347168, 'replica_num': 10, 'temp_shelf': 150.0, 'sim_step': 0, 'edesired_minus_mfe': 10.820979118347168, 'mfe': -16.520978927612305, 'edesired': -5.699999809265137, 'mcc': 1.031, 'mfe_ss': '(((.((((((((((...&...)))))))..))))))', 'subopt_e': 0, 'esubopt_minus_mfe': 0, 'sln_mfe': 0, 'recall': 0.41700000000000004, 'precision': 0.364, 'edesired2': 0, 'edesired2_minus_mfe': 0, 'dimer_mfe': 0}
