{'sequence': 'CACGACUCGUCGCAUAUCUAUGCGCACGGUGUCGUG', 'scoring_function': 3.4751205444335938, 'replica_num': 1, 'temp_shelf': 10, 'sim_step': 0, 'edesired_minus_mfe': 3.4751205444335938, 'mfe': -18.375120162963867, 'edesired': -14.899999618530273, 'mcc': 0.32099999999999995, 'mfe_ss': '(((((((((((((((....))))).)))).))))))', 'subopt_e': 0, 'esubopt_minus_mfe': 0, 'sln_mfe': 0, 'recall': 0.07099999999999995, 'precision': 0.07099999999999995, 'edesired2': 0, 'edesired2_minus_mfe': 0, 'dimer_mfe': 0}
{'sequence': 'GGGUCCUCGACGCAAUUGUUUGCGGUCUGAGGACCC', 'scoring_function': 5.614238739013672, 'replica_num': 2, 'temp_shelf': 25.556, 'sim_step': 0, 'edesired_minus_mfe': 5.614238739013672, 'mfe': -23.41423797607422, 'edesired': -17.799999237060547, 'mcc': 0.41900000000000004, 'mfe_ss': '(((((((((((((((....)))).))).))))))))', 'subopt_e': 0, 'esubopt_minus_mfe': 0, 'sln_mfe': 0, 'recall': 0.07099999999999995, 'precision': 0.10299999999999998, 'edesired2': 0, 'edesired2_minus_mfe': 0, 'dimer_mfe': 0}
{'sequence': 'GGAGCCUUCCAGCAGCCGCCUGCUUGGGAAGGCUCC', 'scoring_function': 6.716760635375977, 'replica_num': 3, 'temp_shelf': 41.111, 'sim_step': 0, 'edesired_minus_mfe': 6.716760635375977, 'mfe': -25.11676025390625, 'edesired': -18.399999618530273, 'mcc': 0.5369999999999999, 'mfe_ss': '(((((((((((((((....)))))..))))))))))', 'subopt_e': 0, 'esubopt_minus_mfe': 0, 'sln_mfe': 0, 'recall': 0.14300000000000002, 'precision': 0.11099999999999999, 'edesired2': 0, 'edesired2_minus_mfe': 0, 'dimer_mfe': 0}
{'sequence': 'UGCACGCACAAGAAUACGUAUUCUAUGUUUCGUGCA', 'scoring_function': 2.607189178466797, 'replica_num': 4, 'temp_shelf': 56.667, 'sim_step': 0, 'edesired_minus_mfe': 2.607189178466797, 'mfe': -12.207189559936523, 'edesired': -9.600000381469727, 'mcc': 0.33899999999999997, 'mfe_ss': '.(((((.((((((((....))))).)))..))))).', 'subopt_e': 0, 'esubopt_minus_mfe': 0, 'sln_mfe': 0, 'recall': 0.14300000000000002, 'precision': 0.040000000000000036, 'edesired2': 0, 'edesired2_minus_mfe': 0, 'dimer_mfe': 0}
{'sequence': 'GCGGGAGGCCGGCGGCAAUCCGCCUGGACCUCCCGC', 'scoring_function': 6.715446472167969, 'replica_num': 5, 'temp_shelf': 72.222, 'sim_step': 0, 'edesired_minus_mfe': 6.715446472167969, 'mfe': -29.21544647216797, 'edesired': -22.5, 'mcc': 0.16300000000000003, 'mfe_ss': '(((((((((((((((....))))).)).))))))))', 'subopt_e': 0, 'esubopt_minus_mfe': 0, 'sln_mfe': 0, 'recall': 0.0, 'precision': 0.06699999999999995, 'edesired2': 0, 'edesired2_minus_mfe': 0, 'dimer_mfe': 0}
{'sequence': 'UCUUGCGCCACACUCUCUCGAGUGGUGGGGGCAAGA', 'scoring_function': 3.0538978576660156, 'replica_num': 6, 'temp_shelf': 87.778, 'sim_step': 0, 'edesired_minus_mfe': 3.0538978576660156, 'mfe': -19.75389862060547, 'edesired': -16.700000762939453, 'mcc': 0.33899999999999997, 'mfe_ss': '((((((.((.(((((....)))))...)).))))))', 'subopt_e': 0, 'esubopt_minus_mfe': 0, 'sln_mfe': 0, 'recall': 0.14300000000000002, 'precision': 0.040000000000000036, 'edesired2': 0, 'edesired2_minus_mfe': 0, 'dimer_mfe': 0}
{'sequence': 'CUCGAUUGAAUGCGGGCAACCGCAAUUACAAUCGAG', 'scoring_function': 4.743688583374023, 'replica_num': 7, 'temp_shelf': 103.333, 'sim_step': 0, 'edesired_minus_mfe': 4.743688583374023, 'mfe': -21.34368896484375, 'edesired': -16.600000381469727, 'mcc': 0.41900000000000004, 'mfe_ss': '(((((((((((((((....)))).))).))))))))', 'subopt_e': 0, 'esubopt_minus_mfe': 0, 'sln_mfe': 0, 'recall': 0.07099999999999995, 'precision': 0.10299999999999998, 'edesired2': 0, 'edesired2_minus_mfe': 0, 'dimer_mfe': 0}
{'sequence': 'GCGCUGUCAGGUCGUUGUCACGACCCUAGUCAGCGC', 'scoring_function': 1.6241397857666016, 'replica_num': 8, 'temp_shelf': 118.889, 'sim_step': 0, 'edesired_minus_mfe': 1.6241397857666016, 'mfe': -19.324140548706055, 'edesired': -17.700000762939453, 'mcc': 0.33899999999999997, 'mfe_ss': '((((((.(.((((((....))))))...).))))))', 'subopt_e': 0, 'esubopt_minus_mfe': 0, 'sln_mfe': 0, 'recall': 0.14300000000000002, 'precision': 0.040000000000000036, 'edesired2': 0, 'edesired2_minus_mfe': 0, 'dimer_mfe': 0}
{'sequence': 'CGAUCUAAGUACACGAUUUCGUGUUACGUGAGAUCG', 'scoring_function': 3.342527389526367, 'replica_num': 9, 'temp_shelf': 134.444, 'sim_step': 0, 'edesired_minus_mfe': 3.342527389526367, 'mfe': -15.442527770996094, 'edesired': -12.100000381469727, 'mcc': 0.33899999999999997, 'mfe_ss': '((((((..(((((((....)))).)))...))))))', 'subopt_e': 0, 'esubopt_minus_mfe': 0, 'sln_mfe': 0, 'recall': 0.14300000000000002, 'precision': 0.040000000000000036, 'edesired2': 0, 'edesired2_minus_mfe': 0, 'dimer_mfe': 0}
{'sequence': 'CGUGCGGCCUCGCCCUAGGGGGCGAAGAGUCGCACG', 'scoring_function': 5.157079696655273, 'replica_num': 10, 'temp_shelf': 150.0, 'sim_step': 0, 'edesired_minus_mfe': 5.157079696655273, 'mfe': -26.057079315185547, 'edesired': -20.899999618530273, 'mcc': 0.16300000000000003, 'mfe_ss': '(((((((((((((((....))))).)).))))))))', 'subopt_e': 0, 'esubopt_minus_mfe': 0, 'sln_mfe': 0, 'recall': 0.0, 'precision': 0.06699999999999995, 'edesired2': 0, 'edesired2_minus_mfe': 0, 'dimer_mfe': 0}
