{'sequence': 'GUCGCAGCAACAAUCAU&GUCGCAGCAACAAUCAU', 'scoring_function': 16.343721389770508, 'replica_num': 1, 'temp_shelf': 10, 'sim_step': 0, 'edesired_minus_mfe': 16.343721389770508, 'mfe': -7.143721580505371, 'edesired': 9.199999809265137, 'mcc': 1.267, 'mfe_ss': '((.((.((.((......&)).)).)).))......', 'subopt_e': 0, 'esubopt_minus_mfe': 0, 'sln_mfe': 0, 'recall': 0.889, 'precision': 0.75, 'edesired2': 0, 'edesired2_minus_mfe': 0, 'dimer_mfe': 0}
{'sequence': 'CUCGAGGCCGCGGAAUG&CUCGAGGCCGCGGAAUG', 'scoring_function': 13.968804359436035, 'replica_num': 2, 'temp_shelf': 25.556, 'sim_step': 0, 'edesired_minus_mfe': 13.968804359436035, 'mfe': -14.968804359436035, 'edesired': -1.0, 'mcc': 1.3719999999999999, 'mfe_ss': '.(((.((((.(((....&.))).)))).)))....', 'subopt_e': 0, 'esubopt_minus_mfe': 0, 'sln_mfe': 0, 'recall': 0.889, 'precision': 0.8, 'edesired2': 0, 'edesired2_minus_mfe': 0, 'dimer_mfe': 0}
{'sequence': 'CCACCCGCGAAGUCUAG&CCACCCGCGAAGUCUAG', 'scoring_function': 11.869692325592041, 'replica_num': 3, 'temp_shelf': 41.111, 'sim_step': 0, 'edesired_minus_mfe': 11.869692325592041, 'mfe': -6.669692516326904, 'edesired': 5.199999809265137, 'mcc': 1.267, 'mfe_ss': '.....((((........&.....))))........', 'subopt_e': 0, 'esubopt_minus_mfe': 0, 'sln_mfe': 0, 'recall': 0.889, 'precision': 0.75, 'edesired2': 0, 'edesired2_minus_mfe': 0, 'dimer_mfe': 0}
{'sequence': 'GCACCAGCGCGGCUUAA&GCACCAGCGCGGCUUAA', 'scoring_function': 19.550339221954346, 'replica_num': 4, 'temp_shelf': 56.667, 'sim_step': 0, 'edesired_minus_mfe': 19.550339221954346, 'mfe': -12.150339126586914, 'edesired': 7.400000095367432, 'mcc': 1.267, 'mfe_ss': '((....((((.((....&))....)))).))....', 'subopt_e': 0, 'esubopt_minus_mfe': 0, 'sln_mfe': 0, 'recall': 0.889, 'precision': 0.75, 'edesired2': 0, 'edesired2_minus_mfe': 0, 'dimer_mfe': 0}
{'sequence': 'ACGUUUGUGCCCCCAAU&ACGUUUGUGCCCCCAAU', 'scoring_function': 5.7649407386779785, 'replica_num': 5, 'temp_shelf': 72.222, 'sim_step': 0, 'edesired_minus_mfe': 5.7649407386779785, 'mfe': -3.364940643310547, 'edesired': 2.4000000953674316, 'mcc': 1.267, 'mfe_ss': '(((..(((.........&)))..))).........', 'subopt_e': 0, 'esubopt_minus_mfe': 0, 'sln_mfe': 0, 'recall': 0.889, 'precision': 0.75, 'edesired2': 0, 'edesired2_minus_mfe': 0, 'dimer_mfe': 0}
{'sequence': 'GGUGGUGCCGCCAGGUG&GGUGGUGCCGCCAGGUG', 'scoring_function': 13.713188171386719, 'replica_num': 6, 'temp_shelf': 87.778, 'sim_step': 0, 'edesired_minus_mfe': 13.713188171386719, 'mfe': -25.113187789916992, 'edesired': -11.399999618530273, 'mcc': 0.20199999999999996, 'mfe_ss': '(((((..(((((.....&)))))..))))).....', 'subopt_e': 0, 'esubopt_minus_mfe': 0, 'sln_mfe': 0, 'recall': 0.0, 'precision': 0.18200000000000005, 'edesired2': 0, 'edesired2_minus_mfe': 0, 'dimer_mfe': 0}
{'sequence': 'CAGUCCAGGGGCCUGGA&CAGUCCAGGGGCCUGGA', 'scoring_function': 29.536391258239746, 'replica_num': 7, 'temp_shelf': 103.333, 'sim_step': 0, 'edesired_minus_mfe': 29.536391258239746, 'mfe': -20.736391067504883, 'edesired': 8.800000190734863, 'mcc': 1.8940000000000001, 'mfe_ss': '...((((((..((((((&...))))))..))))))', 'subopt_e': 0, 'esubopt_minus_mfe': 0, 'sln_mfe': 0, 'recall': 0.889, 'precision': 0.9, 'edesired2': 0, 'edesired2_minus_mfe': 0, 'dimer_mfe': 0}
{'sequence': 'UCGUCAGUUUAGCGACU&UCGUCAGUUUAGCGACU', 'scoring_function': 17.841309547424316, 'replica_num': 8, 'temp_shelf': 118.889, 'sim_step': 0, 'edesired_minus_mfe': 17.841309547424316, 'mfe': -9.64130973815918, 'edesired': 8.199999809265137, 'mcc': 1.671, 'mfe_ss': '..(((.(((.((((((.&..))).))).)))))).', 'subopt_e': 0, 'esubopt_minus_mfe': 0, 'sln_mfe': 0, 'recall': 0.889, 'precision': 0.875, 'edesired2': 0, 'edesired2_minus_mfe': 0, 'dimer_mfe': 0}
{'sequence': 'GGGCUGUUAGGGCGGCC&GGGCUGUUAGGGCGGCC', 'scoring_function': 29.078801155090332, 'replica_num': 9, 'temp_shelf': 134.444, 'sim_step': 0, 'edesired_minus_mfe': 29.078801155090332, 'mfe': -21.27880096435547, 'edesired': 7.800000190734863, 'mcc': 1.8940000000000001, 'mfe_ss': '.(((((((..(((((((&.)))))))..)))))))', 'subopt_e': 0, 'esubopt_minus_mfe': 0, 'sln_mfe': 0, 'recall': 0.889, 'precision': 0.9, 'edesired2': 0, 'edesired2_minus_mfe': 0, 'dimer_mfe': 0}
{'sequence': 'AGGUGUCGACAGAAGGU&AGGUGUCGACAGAAGGU', 'scoring_function': 16.93287420272827, 'replica_num': 10, 'temp_shelf': 150.0, 'sim_step': 0, 'edesired_minus_mfe': 16.93287420272827, 'mfe': -12.53287410736084, 'edesired': 4.400000095367432, 'mcc': 1.3719999999999999, 'mfe_ss': '...((((((((......&...))))))))......', 'subopt_e': 0, 'esubopt_minus_mfe': 0, 'sln_mfe': 0, 'recall': 0.889, 'precision': 0.8, 'edesired2': 0, 'edesired2_minus_mfe': 0, 'dimer_mfe': 0}
